<?xml version="1.0" encoding="UTF-8"?>
<GenRun Id="impl_1" LaunchPart="xc7z010clg400-1" LaunchTime="1634009874">
  <File Type="ROUTE-TIMING-PB" Name="PCM_Transmitter_16_timing_summary_routed.pb"/>
  <File Type="ROUTE-BLACKBOX-DCP" Name="PCM_Transmitter_16_routed_bb.dcp"/>
  <File Type="ROUTE-ERROR-DCP" Name="PCM_Transmitter_16_routed_error.dcp"/>
  <File Type="OPT-DRC" Name="PCM_Transmitter_16_drc_opted.rpt"/>
  <File Type="BITSTR-LTX" Name="debug_nets.ltx"/>
  <File Type="BITSTR-LTX" Name="PCM_Transmitter_16.ltx"/>
  <File Type="POSTROUTE-PHYSOPT-BLACKBOX-DCP" Name="PCM_Transmitter_16_postroute_physopt_bb.dcp"/>
  <File Type="BITSTR-SYSDEF" Name="PCM_Transmitter_16.sysdef"/>
  <File Type="POSTROUTE-PHYSOPT-DCP" Name="PCM_Transmitter_16_postroute_physopt.dcp"/>
  <File Type="BITSTR-MMI" Name="PCM_Transmitter_16.mmi"/>
  <File Type="BITSTR-BMM" Name="PCM_Transmitter_16_bd.bmm"/>
  <File Type="PHYSOPT-DCP" Name="PCM_Transmitter_16_physopt.dcp"/>
  <File Type="BG-BGN" Name="PCM_Transmitter_16.bgn"/>
  <File Type="OPT-DCP" Name="PCM_Transmitter_16_opt.dcp"/>
  <File Type="OPT-HWDEF" Name="PCM_Transmitter_16.hwdef"/>
  <File Type="BG-BIT" Name="PCM_Transmitter_16.bit"/>
  <File Type="WBT-USG" Name="usage_statistics_webtalk.html"/>
  <File Type="BG-DRC" Name="PCM_Transmitter_16.drc"/>
  <File Type="ROUTE-DCP" Name="PCM_Transmitter_16_routed.dcp"/>
  <File Type="RBD_FILE" Name="PCM_Transmitter_16.rbd"/>
  <File Type="BG-BIN" Name="PCM_Transmitter_16.bin"/>
  <File Type="PLACE-DCP" Name="PCM_Transmitter_16_placed.dcp"/>
  <File Type="BITSTR-MSK" Name="PCM_Transmitter_16.msk"/>
  <File Type="PWROPT-DCP" Name="PCM_Transmitter_16_pwropt.dcp"/>
  <File Type="PLACE-PRE-SIMILARITY" Name="PCM_Transmitter_16_incremental_reuse_pre_placed.rpt"/>
  <File Type="BITSTR-RBT" Name="PCM_Transmitter_16.rbt"/>
  <File Type="POSTPLACE-PWROPT-DCP" Name="PCM_Transmitter_16_postplace_pwropt.dcp"/>
  <File Type="BITSTR-NKY" Name="PCM_Transmitter_16.nky"/>
  <File Type="RDI-RDI" Name="PCM_Transmitter_16.vdi"/>
  <File Type="PDI-FILE" Name="PCM_Transmitter_16.pdi"/>
  <File Type="RCFI_FILE" Name="PCM_Transmitter_16.rcfi"/>
  <File Type="CFI_FILE" Name="PCM_Transmitter_16.cfi"/>
  <File Type="RNPI_FILE" Name="PCM_Transmitter_16.rnpi"/>
  <File Type="NPI_FILE" Name="PCM_Transmitter_16.npi"/>
  <File Type="PA-TCL" Name="PCM_Transmitter_16.tcl"/>
  <File Type="REPORTS-TCL" Name="PCM_Transmitter_16_reports.tcl"/>
  <FileSet Name="sources" Type="DesignSrcs" RelSrcDir="$PSRCDIR/sources_1" RelGenDir="$PGENDIR/sources_1">
    <Filter Type="Srcs"/>
    <File Path="$PSRCDIR/sources_1/new/Serial_Clock_Gen.v">
      <FileInfo>
        <Attr Name="ImportPath" Val="$PPRDIR/../../../../PCM_Transmitter/PCM_Transmitter.srcs/sources_1/new/Serial_Clock_Gen.v"/>
        <Attr Name="ImportTime" Val="1634416639"/>
        <Attr Name="UsedIn" Val="synthesis"/>
        <Attr Name="UsedIn" Val="implementation"/>
        <Attr Name="UsedIn" Val="simulation"/>
      </FileInfo>
    </File>
    <File Path="$PSRCDIR/sources_1/new/Serial_FIFO.v">
      <FileInfo>
        <Attr Name="ImportPath" Val="$PPRDIR/../../../../PCM_Transmitter/PCM_Transmitter.srcs/sources_1/new/Serial_FIFO.v"/>
        <Attr Name="ImportTime" Val="1634007552"/>
        <Attr Name="UsedIn" Val="synthesis"/>
        <Attr Name="UsedIn" Val="implementation"/>
        <Attr Name="UsedIn" Val="simulation"/>
      </FileInfo>
    </File>
    <File Path="$PSRCDIR/sources_1/new/PCM_Transmitter_16.v">
      <FileInfo>
        <Attr Name="ImportPath" Val="$PPRDIR/../../../../PCM_Transmitter/PCM_Transmitter.srcs/sources_1/new/PCM_Transmitter_16.v"/>
        <Attr Name="ImportTime" Val="1634416447"/>
        <Attr Name="UsedIn" Val="synthesis"/>
        <Attr Name="UsedIn" Val="implementation"/>
        <Attr Name="UsedIn" Val="simulation"/>
      </FileInfo>
    </File>
    <Config>
      <Option Name="DesignMode" Val="RTL"/>
      <Option Name="TopModule" Val="PCM_Transmitter_16"/>
      <Option Name="TopAutoSet" Val="TRUE"/>
    </Config>
  </FileSet>
  <FileSet Name="constrs_in" Type="Constrs" RelSrcDir="$PSRCDIR/constrs_1">
    <Filter Type="Constrs"/>
    <Config>
      <Option Name="ConstrsType" Val="XDC"/>
    </Config>
  </FileSet>
  <FileSet Name="utils" Type="Utils" RelSrcDir="$PSRCDIR/utils_1">
    <Filter Type="Utils"/>
    <Config>
      <Option Name="TopAutoSet" Val="TRUE"/>
    </Config>
  </FileSet>
  <Strategy Version="1" Minor="2">
    <StratHandle Name="Vivado Implementation Defaults" Flow="Vivado Implementation 2021"/>
    <Step Id="init_design"/>
    <Step Id="opt_design"/>
    <Step Id="power_opt_design"/>
    <Step Id="place_design"/>
    <Step Id="post_place_power_opt_design"/>
    <Step Id="phys_opt_design"/>
    <Step Id="route_design"/>
    <Step Id="post_route_phys_opt_design"/>
    <Step Id="write_bitstream"/>
    <Step Id="write_device_image"/>
  </Strategy>
</GenRun>
