<?xml version="1.0" encoding="UTF-8"?>
<GenRun Id="impl_1" LaunchPart="xc7z010clg400-1" LaunchTime="1547491587">
  <File Type="ROUTE-PWR" Name="system_wrapper_power_routed.rpt"/>
  <File Type="PA-TCL" Name="system_wrapper.tcl"/>
  <File Type="BITSTR-BMM" Name="system_wrapper_bd.bmm"/>
  <File Type="ROUTE-PWR-SUM" Name="system_wrapper_power_summary_routed.pb"/>
  <File Type="REPORTS-TCL" Name="system_wrapper_reports.tcl"/>
  <File Type="OPT-DCP" Name="system_wrapper_opt.dcp"/>
  <File Type="OPT-DRC" Name="system_wrapper_drc_opted.rpt"/>
  <File Type="OPT-HWDEF" Name="system_wrapper.hwdef"/>
  <File Type="PWROPT-DCP" Name="system_wrapper_pwropt.dcp"/>
  <File Type="PLACE-DCP" Name="system_wrapper_placed.dcp"/>
  <File Type="PLACE-IO" Name="system_wrapper_io_placed.rpt"/>
  <File Type="PLACE-UTIL" Name="system_wrapper_utilization_placed.rpt"/>
  <File Type="PLACE-UTIL-PB" Name="system_wrapper_utilization_placed.pb"/>
  <File Type="PLACE-CTRL" Name="system_wrapper_control_sets_placed.rpt"/>
  <File Type="PLACE-PRE-SIMILARITY" Name="system_wrapper_incremental_reuse_pre_placed.rpt"/>
  <File Type="BG-BGN" Name="system_wrapper.bgn"/>
  <File Type="POSTPLACE-PWROPT-DCP" Name="system_wrapper_postplace_pwropt.dcp"/>
  <File Type="BG-BIN" Name="system_wrapper.bin"/>
  <File Type="PHYSOPT-DCP" Name="system_wrapper_physopt.dcp"/>
  <File Type="BITSTR-MSK" Name="system_wrapper.msk"/>
  <File Type="ROUTE-ERROR-DCP" Name="system_wrapper_routed_error.dcp"/>
  <File Type="ROUTE-DCP" Name="system_wrapper_routed.dcp"/>
  <File Type="ROUTE-BLACKBOX-DCP" Name="system_wrapper_routed_bb.dcp"/>
  <File Type="ROUTE-DRC" Name="system_wrapper_drc_routed.rpt"/>
  <File Type="ROUTE-DRC-PB" Name="system_wrapper_drc_routed.pb"/>
  <File Type="ROUTE-DRC-RPX" Name="system_wrapper_drc_routed.rpx"/>
  <File Type="BITSTR-LTX" Name="system_wrapper.ltx"/>
  <File Type="ROUTE-METHODOLOGY-DRC" Name="system_wrapper_methodology_drc_routed.rpt"/>
  <File Type="BITSTR-MMI" Name="system_wrapper.mmi"/>
  <File Type="ROUTE-METHODOLOGY-DRC-RPX" Name="system_wrapper_methodology_drc_routed.rpx"/>
  <File Type="ROUTE-METHODOLOGY-DRC-PB" Name="system_wrapper_methodology_drc_routed.pb"/>
  <File Type="BITSTR-SYSDEF" Name="system_wrapper.sysdef"/>
  <File Type="ROUTE-PWR-RPX" Name="system_wrapper_power_routed.rpx"/>
  <File Type="ROUTE-STATUS" Name="system_wrapper_route_status.rpt"/>
  <File Type="ROUTE-STATUS-PB" Name="system_wrapper_route_status.pb"/>
  <File Type="ROUTE-TIMINGSUMMARY" Name="system_wrapper_timing_summary_routed.rpt"/>
  <File Type="ROUTE-TIMING-PB" Name="system_wrapper_timing_summary_routed.pb"/>
  <File Type="ROUTE-TIMING-RPX" Name="system_wrapper_timing_summary_routed.rpx"/>
  <File Type="ROUTE-CLK" Name="system_wrapper_clock_utilization_routed.rpt"/>
  <File Type="ROUTE-BUS-SKEW" Name="system_wrapper_bus_skew_routed.rpt"/>
  <File Type="ROUTE-BUS-SKEW-PB" Name="system_wrapper_bus_skew_routed.pb"/>
  <File Type="ROUTE-BUS-SKEW-RPX" Name="system_wrapper_bus_skew_routed.rpx"/>
  <File Type="POSTROUTE-PHYSOPT-DCP" Name="system_wrapper_postroute_physopt.dcp"/>
  <File Type="POSTROUTE-PHYSOPT-BLACKBOX-DCP" Name="system_wrapper_postroute_physopt_bb.dcp"/>
  <File Type="BG-BIT" Name="system_wrapper.bit"/>
  <File Type="BITSTR-RBT" Name="system_wrapper.rbt"/>
  <File Type="BITSTR-NKY" Name="system_wrapper.nky"/>
  <File Type="BG-DRC" Name="system_wrapper.drc"/>
  <File Type="RDI-RDI" Name="system_wrapper.vdi"/>
  <File Type="WBT-USG" Name="usage_statistics_webtalk.html"/>
  <FileSet Name="sources" Type="DesignSrcs" RelSrcDir="$PSRCDIR/sources_1">
    <Filter Type="Srcs"/>
    <File Path="$PSRCDIR/sources_1/bd/system/system.bd">
      <FileInfo>
        <Attr Name="ImportPath" Val="$PPRDIR/../../../Zybo-Z7-10-DMA.srcs/sources_1/bd/system/system.bd"/>
        <Attr Name="ImportTime" Val="1547491248"/>
        <Attr Name="UsedIn" Val="synthesis"/>
        <Attr Name="UsedIn" Val="implementation"/>
        <Attr Name="UsedIn" Val="simulation"/>
      </FileInfo>
    </File>
    <File Path="$PSRCDIR/sources_1/imports/hdl/system_wrapper.v">
      <FileInfo>
        <Attr Name="ImportPath" Val="$PPRDIR/../../../Zybo-Z7-10-DMA.srcs/sources_1/bd/system/hdl/system_wrapper.v"/>
        <Attr Name="ImportTime" Val="1547491249"/>
        <Attr Name="UsedIn" Val="synthesis"/>
        <Attr Name="UsedIn" Val="implementation"/>
        <Attr Name="UsedIn" Val="simulation"/>
      </FileInfo>
    </File>
    <Config>
      <Option Name="DesignMode" Val="RTL"/>
      <Option Name="TopModule" Val="system_wrapper"/>
    </Config>
  </FileSet>
  <FileSet Name="constrs_in" Type="Constrs" RelSrcDir="$PSRCDIR/constrs_1">
    <Filter Type="Constrs"/>
    <File Path="$PSRCDIR/constrs_1/imports/constraints/zybo-z7-dma.xdc">
      <FileInfo>
        <Attr Name="ImportPath" Val="$PPRDIR/../../../../src/constraints/zybo-z7-dma.xdc"/>
        <Attr Name="ImportTime" Val="1547491124"/>
        <Attr Name="UsedIn" Val="synthesis"/>
        <Attr Name="UsedIn" Val="implementation"/>
      </FileInfo>
    </File>
    <Config>
      <Option Name="ConstrsType" Val="XDC"/>
    </Config>
  </FileSet>
  <Strategy Version="1" Minor="2">
    <StratHandle Name="Vivado Implementation Defaults" Flow="Vivado Implementation 2018"/>
    <Step Id="init_design"/>
    <Step Id="opt_design">
      <Option Id="Directive">4</Option>
    </Step>
    <Step Id="power_opt_design"/>
    <Step Id="place_design">
      <Option Id="Directive">15</Option>
    </Step>
    <Step Id="post_place_power_opt_design"/>
    <Step Id="phys_opt_design"/>
    <Step Id="route_design">
      <Option Id="Directive">5</Option>
    </Step>
    <Step Id="post_route_phys_opt_design"/>
    <Step Id="write_bitstream"/>
  </Strategy>
  <BlockFileSet Type="BlockSrcs" Name="system_auto_pc_1"/>
  <BlockFileSet Type="BlockSrcs" Name="system_axi_dma_0_0"/>
  <BlockFileSet Type="BlockSrcs" Name="system_xbar_1"/>
  <BlockFileSet Type="BlockSrcs" Name="system_rst_ps7_0_100M_0"/>
  <BlockFileSet Type="BlockSrcs" Name="system_auto_us_1"/>
  <BlockFileSet Type="BlockSrcs" Name="system_auto_us_0"/>
  <BlockFileSet Type="BlockSrcs" Name="system_xlconcat_0_0"/>
  <BlockFileSet Type="BlockSrcs" Name="system_xlconstant_0_0"/>
  <BlockFileSet Type="BlockSrcs" Name="system_axi_gpio_0_0"/>
  <BlockFileSet Type="BlockSrcs" Name="system_xbar_0"/>
  <BlockFileSet Type="BlockSrcs" Name="system_axi_iic_0_0"/>
  <BlockFileSet Type="BlockSrcs" Name="system_auto_pc_0"/>
  <BlockFileSet Type="BlockSrcs" Name="system_processing_system7_0_0"/>
  <BlockFileSet Type="BlockSrcs" Name="system_d_axi_i2s_audio_0_0"/>
</GenRun>
