<?xml version="1.0" encoding="UTF-8"?>
<GenRun Id="system_auto_us_0_synth_1" LaunchPart="xc7z010clg400-1" LaunchTime="1547491583">
  <File Type="PA-TCL" Name="system_auto_us_0.tcl"/>
  <File Type="REPORTS-TCL" Name="system_auto_us_0_reports.tcl"/>
  <File Type="RDS-RDS" Name="system_auto_us_0.vds"/>
  <File Type="RDS-UTIL" Name="system_auto_us_0_utilization_synth.rpt"/>
  <File Type="RDS-UTIL-PB" Name="system_auto_us_0_utilization_synth.pb"/>
  <File Type="RDS-DCP" Name="system_auto_us_0.dcp"/>
  <FileSet Name="sources" Type="BlockSrcs" RelSrcDir="$PSRCDIR/system_auto_us_0">
    <File Path="$PSRCDIR/sources_1/bd/system/ip/system_auto_us_0/system_auto_us_0.xci">
      <FileInfo>
        <Attr Name="Library" Val="xil_defaultlib"/>
        <Attr Name="ImportPath" Val="$PPRDIR/../../../Zybo-Z7-10-DMA.srcs/sources_1/bd/system/ip/system_auto_us_0/system_auto_us_0.xci"/>
        <Attr Name="ImportTime" Val="1547491248"/>
        <Attr Name="UsedIn" Val="synthesis"/>
        <Attr Name="UsedIn" Val="implementation"/>
        <Attr Name="UsedIn" Val="simulation"/>
        <Attr Name="ProcessingOrder" Val="EARLY"/>
      </FileInfo>
    </File>
    <Config>
      <Option Name="TopModule" Val="system_auto_us_0"/>
      <Option Name="UseBlackboxStub" Val="1"/>
    </Config>
  </FileSet>
  <FileSet Name="constrs_in" Type="BlockSrcs" RelSrcDir="$PSRCDIR/system_auto_us_0">
    <File Path="$PSRCDIR/sources_1/bd/system/ip/system_auto_us_0/system_auto_us_0.xci">
      <FileInfo>
        <Attr Name="Library" Val="xil_defaultlib"/>
        <Attr Name="ImportPath" Val="$PPRDIR/../../../Zybo-Z7-10-DMA.srcs/sources_1/bd/system/ip/system_auto_us_0/system_auto_us_0.xci"/>
        <Attr Name="ImportTime" Val="1547491248"/>
        <Attr Name="UsedIn" Val="synthesis"/>
        <Attr Name="UsedIn" Val="implementation"/>
        <Attr Name="UsedIn" Val="simulation"/>
        <Attr Name="ProcessingOrder" Val="EARLY"/>
      </FileInfo>
    </File>
    <Config>
      <Option Name="TopModule" Val="system_auto_us_0"/>
      <Option Name="UseBlackboxStub" Val="1"/>
    </Config>
  </FileSet>
  <Strategy Version="1" Minor="2">
    <StratHandle Name="Vivado Synthesis Defaults" Flow="Vivado Synthesis 2018"/>
    <Step Id="synth_design"/>
  </Strategy>
</GenRun>
