<?xml version="1.0" encoding="UTF-8"?>
<GenRun Id="synth_1" LaunchPart="xc7z010clg400-1" LaunchTime="1634009845">
  <File Type="RDS-DCP" Name="PCM_Transmitter_16.dcp"/>
  <File Type="RDS-UTIL-PB" Name="PCM_Transmitter_16_utilization_synth.pb"/>
  <File Type="PA-TCL" Name="PCM_Transmitter_16.tcl"/>
  <File Type="RDS-UTIL" Name="PCM_Transmitter_16_utilization_synth.rpt"/>
  <File Type="REPORTS-TCL" Name="PCM_Transmitter_16_reports.tcl"/>
  <File Type="RDS-RDS" Name="PCM_Transmitter_16.vds"/>
  <FileSet Name="sources" Type="DesignSrcs" RelSrcDir="$PSRCDIR/sources_1" RelGenDir="$PGENDIR/sources_1">
    <Filter Type="Srcs"/>
    <File Path="$PSRCDIR/sources_1/new/Serial_Clock_Gen.v">
      <FileInfo>
        <Attr Name="ImportPath" Val="$PPRDIR/../../../../PCM_Transmitter/PCM_Transmitter.srcs/sources_1/new/Serial_Clock_Gen.v"/>
        <Attr Name="ImportTime" Val="1634416639"/>
        <Attr Name="UsedIn" Val="synthesis"/>
        <Attr Name="UsedIn" Val="implementation"/>
        <Attr Name="UsedIn" Val="simulation"/>
      </FileInfo>
    </File>
    <File Path="$PSRCDIR/sources_1/new/Serial_FIFO.v">
      <FileInfo>
        <Attr Name="ImportPath" Val="$PPRDIR/../../../../PCM_Transmitter/PCM_Transmitter.srcs/sources_1/new/Serial_FIFO.v"/>
        <Attr Name="ImportTime" Val="1634007552"/>
        <Attr Name="UsedIn" Val="synthesis"/>
        <Attr Name="UsedIn" Val="implementation"/>
        <Attr Name="UsedIn" Val="simulation"/>
      </FileInfo>
    </File>
    <File Path="$PSRCDIR/sources_1/new/PCM_Transmitter_16.v">
      <FileInfo>
        <Attr Name="ImportPath" Val="$PPRDIR/../../../../PCM_Transmitter/PCM_Transmitter.srcs/sources_1/new/PCM_Transmitter_16.v"/>
        <Attr Name="ImportTime" Val="1634416447"/>
        <Attr Name="UsedIn" Val="synthesis"/>
        <Attr Name="UsedIn" Val="implementation"/>
        <Attr Name="UsedIn" Val="simulation"/>
      </FileInfo>
    </File>
    <Config>
      <Option Name="DesignMode" Val="RTL"/>
      <Option Name="TopModule" Val="PCM_Transmitter_16"/>
      <Option Name="TopAutoSet" Val="TRUE"/>
    </Config>
  </FileSet>
  <FileSet Name="constrs_in" Type="Constrs" RelSrcDir="$PSRCDIR/constrs_1">
    <Filter Type="Constrs"/>
    <Config>
      <Option Name="ConstrsType" Val="XDC"/>
    </Config>
  </FileSet>
  <FileSet Name="utils" Type="Utils" RelSrcDir="$PSRCDIR/utils_1">
    <Filter Type="Utils"/>
    <Config>
      <Option Name="TopAutoSet" Val="TRUE"/>
    </Config>
  </FileSet>
  <Strategy Version="1" Minor="2">
    <StratHandle Name="Vivado Synthesis Defaults" Flow="Vivado Synthesis 2021"/>
    <Step Id="synth_design"/>
  </Strategy>
</GenRun>
